doc_type	doc_id	num	date_str	description	url_metadata	lang	url_pdf	time_str	ut
lk_dmc_river_water_level_and_flood_warnings	2026-02-07-09-30-water-level	09-30-water-level	2026-02-07	water level	https://www.dmc.gov.lk/index.php?option=com_dmcreports&view=reports&Itemid=277&report_type_id=6&lang=en&limitstart=0	en	https://www.dmc.gov.lk/images/dmcreports/Water_level_&_Rainfall_2026__1770439706.pdf	09:30	1770436800.0
lk_dmc_river_water_level_and_flood_warnings	2026-02-06-09-30-water-level	09-30-water-level	2026-02-06	Water level	https://www.dmc.gov.lk/index.php?option=com_dmcreports&view=reports&Itemid=277&report_type_id=6&lang=en&limitstart=0	en	https://www.dmc.gov.lk/images/dmcreports/Water_level_&_Rainfall_2026__1770352206.pdf	09:30	1770350400.0
lk_dmc_river_water_level_and_flood_warnings	2026-02-05-09-30-water-level--rainfall	09-30-water-level--rainfall	2026-02-05	Water level & Rainfall	https://www.dmc.gov.lk/index.php?option=com_dmcreports&view=reports&Itemid=277&report_type_id=6&lang=en&limitstart=0	en	https://www.dmc.gov.lk/images/dmcreports/Water_level_&_Rainfall_2026__1770265581.pdf	09:30	1770264000.0
lk_dmc_river_water_level_and_flood_warnings	2026-02-04-09-30-water-level	09-30-water-level	2026-02-04	water level	https://www.dmc.gov.lk/index.php?option=com_dmcreports&view=reports&Itemid=277&report_type_id=6&lang=en&limitstart=0	en	https://www.dmc.gov.lk/images/dmcreports/Water_level_&_Rainfall_2026__1770183720.pdf	09:30	1770177600.0
lk_dmc_river_water_level_and_flood_warnings	2026-02-02-09-30-water-level--rainfall	09-30-water-level--rainfall	2026-02-02	Water level & Rainfall	https://www.dmc.gov.lk/index.php?option=com_dmcreports&view=reports&Itemid=277&report_type_id=6&lang=en&limitstart=0	en	https://www.dmc.gov.lk/images/dmcreports/Water_level_&_Rainfall_2026__1770006443.pdf	09:30	1770004800.0
lk_dmc_river_water_level_and_flood_warnings	2026-02-01-09-30-water-level--rainfall	09-30-water-level--rainfall	2026-02-01	Water level & Rainfall	https://www.dmc.gov.lk/index.php?option=com_dmcreports&view=reports&Itemid=277&report_type_id=6&lang=en&limitstart=0	en	https://www.dmc.gov.lk/images/dmcreports/Water_level_&_Rainfall_2026__1769920540.pdf	09:30	1769918400.0
lk_dmc_river_water_level_and_flood_warnings	2026-01-31-09-30-water-level--rainfall	09-30-water-level--rainfall	2026-01-31	Water level & Rainfall	https://www.dmc.gov.lk/index.php?option=com_dmcreports&view=reports&Itemid=277&report_type_id=6&lang=en&limitstart=0	en	https://www.dmc.gov.lk/images/dmcreports/Water_level_&_Rainfall_2026__1769834511.pdf	09:30	1769832000.0
lk_dmc_river_water_level_and_flood_warnings	2026-01-29-09-30-water-level--rainfall	09-30-water-level--rainfall	2026-01-29	Water level & Rainfall	https://www.dmc.gov.lk/index.php?option=com_dmcreports&view=reports&Itemid=277&report_type_id=6&lang=en&limitstart=0	en	https://www.dmc.gov.lk/images/dmcreports/Water_level_&_Rainfall_2026__1769659757.pdf	09:30	1769659200.0
lk_dmc_river_water_level_and_flood_warnings	2026-01-26-09-30-water-level--rainfall	09-30-water-level--rainfall	2026-01-26	Water level & Rainfall	https://www.dmc.gov.lk/index.php?option=com_dmcreports&view=reports&Itemid=277&report_type_id=6&lang=en&limitstart=0	en	https://www.dmc.gov.lk/images/dmcreports/Water_level_&_Rainfall_2026__1769402924.pdf	09:30	1769400000.0
lk_dmc_river_water_level_and_flood_warnings	2026-01-25-09-30-water-level--rainfall	09-30-water-level--rainfall	2026-01-25	Water level & Rainfall	https://www.dmc.gov.lk/index.php?option=com_dmcreports&view=reports&Itemid=277&report_type_id=6&lang=en&limitstart=0	en	https://www.dmc.gov.lk/images/dmcreports/Water_level_&_Rainfall_2026__1769316014.pdf	09:30	1769313600.0
lk_dmc_river_water_level_and_flood_warnings	2026-01-22-09-30-water-level	09-30-water-level	2026-01-22	water level	https://www.dmc.gov.lk/index.php?option=com_dmcreports&view=reports&Itemid=277&report_type_id=6&lang=en&limitstart=0	en	https://www.dmc.gov.lk/images/dmcreports/Water_level_&_Rainfall_2026__1769054628.pdf	09:30	1769054400.0
lk_dmc_river_water_level_and_flood_warnings	2026-01-20-09-30-water-level--rainfall	09-30-water-level--rainfall	2026-01-20	Water level & Rainfall	https://www.dmc.gov.lk/index.php?option=com_dmcreports&view=reports&Itemid=277&report_type_id=6&lang=en&limitstart=0	en	https://www.dmc.gov.lk/images/dmcreports/Water_level_&_Rainfall_2026__1768882338.pdf	09:30	1768881600.0
lk_dmc_river_water_level_and_flood_warnings	2026-01-20-06-00-water-level	06-00-water-level	2026-01-20	water level	https://www.dmc.gov.lk/index.php?option=com_dmcreports&view=reports&Itemid=277&report_type_id=6&lang=en&limitstart=0	en	https://www.dmc.gov.lk/images/dmcreports/Water_level_&_Rainfall_2026__1768870511.pdf	06:00	1768869000.0
lk_dmc_river_water_level_and_flood_warnings	2026-01-20-00-00-water-level	00-00-water-level	2026-01-20	water level	https://www.dmc.gov.lk/index.php?option=com_dmcreports&view=reports&Itemid=277&report_type_id=6&lang=en&limitstart=0	en	https://www.dmc.gov.lk/images/dmcreports/Water_level_&_Rainfall_2026__1768855244.pdf	00:00	1768847400.0
lk_dmc_river_water_level_and_flood_warnings	2026-01-19-09-30-water-level	09-30-water-level	2026-01-19	water level	https://www.dmc.gov.lk/index.php?option=com_dmcreports&view=reports&Itemid=277&report_type_id=6&lang=en&limitstart=0	en	https://www.dmc.gov.lk/images/dmcreports/Water_level_&_Rainfall_2026__1768796714.pdf	09:30	1768795200.0
lk_dmc_river_water_level_and_flood_warnings	2026-01-19-06-30-water-level	06-30-water-level	2026-01-19	water level	https://www.dmc.gov.lk/index.php?option=com_dmcreports&view=reports&Itemid=277&report_type_id=6&lang=en&limitstart=0	en	https://www.dmc.gov.lk/images/dmcreports/Water_level_&_Rainfall_2026__1768785232.pdf	06:30	1768784400.0
lk_dmc_river_water_level_and_flood_warnings	2026-01-18-18-30-water-level	18-30-water-level	2026-01-18	water level	https://www.dmc.gov.lk/index.php?option=com_dmcreports&view=reports&Itemid=277&report_type_id=6&lang=en&limitstart=0	en	https://www.dmc.gov.lk/images/dmcreports/Water_level_&_Rainfall_2026__1768741606.pdf	18:30	1768741200.0
lk_dmc_river_water_level_and_flood_warnings	2026-01-18-12-30-water-level--rainfall	12-30-water-level--rainfall	2026-01-18	Water level & Rainfall	https://www.dmc.gov.lk/index.php?option=com_dmcreports&view=reports&Itemid=277&report_type_id=6&lang=en&limitstart=0	en	https://www.dmc.gov.lk/images/dmcreports/Water_level_&_Rainfall_2026__1768719787.pdf	12:30	1768719600.0
lk_dmc_river_water_level_and_flood_warnings	2026-01-18-09-30-water-level	09-30-water-level	2026-01-18	water level	https://www.dmc.gov.lk/index.php?option=com_dmcreports&view=reports&Itemid=277&report_type_id=6&lang=en&limitstart=0	en	https://www.dmc.gov.lk/images/dmcreports/Water_level_&_Rainfall_2026__1768709119.pdf	09:30	1768708800.0
lk_dmc_river_water_level_and_flood_warnings	2026-01-18-00-30-water-level	00-30-water-level	2026-01-18	water level	https://www.dmc.gov.lk/index.php?option=com_dmcreports&view=reports&Itemid=277&report_type_id=6&lang=en&limitstart=0	en	https://www.dmc.gov.lk/images/dmcreports/Water_level_&_Rainfall_2026__1768676786.pdf	00:30	1768676400.0
lk_dmc_river_water_level_and_flood_warnings	2026-01-17-18-30-water-level	18-30-water-level	2026-01-17	water level	https://www.dmc.gov.lk/index.php?option=com_dmcreports&view=reports&Itemid=277&report_type_id=6&lang=en&limitstart=0	en	https://www.dmc.gov.lk/images/dmcreports/Water_level_&_Rainfall_2026__1768656882.pdf	18:30	1768654800.0
lk_dmc_river_water_level_and_flood_warnings	2026-01-17-12-20-water-level--rainfall	12-20-water-level--rainfall	2026-01-17	Water level & Rainfall	https://www.dmc.gov.lk/index.php?option=com_dmcreports&view=reports&Itemid=277&report_type_id=6&lang=en&limitstart=0	en	https://www.dmc.gov.lk/images/dmcreports/Water_level_&_Rainfall_2026__1768632737.pdf	12:20	1768632600.0
lk_dmc_river_water_level_and_flood_warnings	2026-01-17-09-30-water-level--rainfall	09-30-water-level--rainfall	2026-01-17	Water level & Rainfall	https://www.dmc.gov.lk/index.php?option=com_dmcreports&view=reports&Itemid=277&report_type_id=6&lang=en&limitstart=0	en	https://www.dmc.gov.lk/images/dmcreports/Water_level_&_Rainfall_2026__1768622208.pdf	09:30	1768622400.0
lk_dmc_river_water_level_and_flood_warnings	2026-01-17-06-30-water-level	06-30-water-level	2026-01-17	water level	https://www.dmc.gov.lk/index.php?option=com_dmcreports&view=reports&Itemid=277&report_type_id=6&lang=en&limitstart=0	en	https://www.dmc.gov.lk/images/dmcreports/Water_level_&_Rainfall_2026__1768611617.pdf	06:30	1768611600.0
lk_dmc_river_water_level_and_flood_warnings	2026-01-17-00-30-water-level	00-30-water-level	2026-01-17	water level	https://www.dmc.gov.lk/index.php?option=com_dmcreports&view=reports&Itemid=277&report_type_id=6&lang=en&limitstart=0	en	https://www.dmc.gov.lk/images/dmcreports/Water_level_&_Rainfall_2026__1768590668.pdf	00:30	1768590000.0
lk_dmc_river_water_level_and_flood_warnings	2026-01-16-18-00-water-level	18-00-water-level	2026-01-16	water level	https://www.dmc.gov.lk/index.php?option=com_dmcreports&view=reports&Itemid=277&report_type_id=6&lang=en&limitstart=0	en	https://www.dmc.gov.lk/images/dmcreports/Water_level_&_Rainfall_2026__1768568656.pdf	18:00	1768566600.0
lk_dmc_river_water_level_and_flood_warnings	2026-01-16-12-00-water-level	12-00-water-level	2026-01-16	water level	https://www.dmc.gov.lk/index.php?option=com_dmcreports&view=reports&Itemid=277&report_type_id=6&lang=en&limitstart=0	en	https://www.dmc.gov.lk/images/dmcreports/Water_level_&_Rainfall_2026__1768546497.pdf	12:00	1768545000.0
lk_dmc_river_water_level_and_flood_warnings	2026-01-16-09-30-water-level--rainfall	09-30-water-level--rainfall	2026-01-16	Water level & Rainfall	https://www.dmc.gov.lk/index.php?option=com_dmcreports&view=reports&Itemid=277&report_type_id=6&lang=en&limitstart=0	en	https://www.dmc.gov.lk/images/dmcreports/Water_level_&_Rainfall_2026__1768536832.pdf	09:30	1768536000.0
lk_dmc_river_water_level_and_flood_warnings	2026-01-15-09-30-water-level--rainfall	09-30-water-level--rainfall	2026-01-15	Water level & Rainfall	https://www.dmc.gov.lk/index.php?option=com_dmcreports&view=reports&Itemid=277&report_type_id=6&lang=en&limitstart=0	en	https://www.dmc.gov.lk/images/dmcreports/Water_level_&_Rainfall_2026__1768449674.pdf	09:30	1768449600.0
lk_dmc_river_water_level_and_flood_warnings	2026-01-11-20-00-early-advisory-fo-915cbb95	20-00-early-advisory-for-flood-preparedness-withdrawal	2026-01-11	Early Advisory for Flood Preparedness Withdrawal	https://www.dmc.gov.lk/index.php?option=com_dmcreports&view=reports&Itemid=277&report_type_id=6&lang=en&limitstart=0	en	https://www.dmc.gov.lk/images/dmcreports/Early_Advisory_for_Flood_Preparedness_Withdrawal_2026__1768143668.pdf	20:00	1768141800.0
lk_dmc_river_water_level_and_flood_warnings	2026-01-11-18-30-water-level	18-30-water-level	2026-01-11	water level	https://www.dmc.gov.lk/index.php?option=com_dmcreports&view=reports&Itemid=277&report_type_id=6&lang=en&limitstart=0	en	https://www.dmc.gov.lk/images/dmcreports/Water_level_&_Rainfall_2026__1768142704.pdf	18:30	1768136400.0
lk_dmc_river_water_level_and_flood_warnings	2026-01-11-09-30-water-level-report	09-30-water-level-report	2026-01-11	Water Level Report	https://www.dmc.gov.lk/index.php?option=com_dmcreports&view=reports&Itemid=277&report_type_id=6&lang=en&limitstart=0	en	https://www.dmc.gov.lk/images/dmcreports/Water_level_&_Rainfall_2026__1768104430.pdf	09:30	1768104000.0
lk_dmc_river_water_level_and_flood_warnings	2026-01-10-18-30-water-level-report	18-30-water-level-report	2026-01-10	Water Level Report	https://www.dmc.gov.lk/index.php?option=com_dmcreports&view=reports&Itemid=277&report_type_id=6&lang=en&limitstart=0	en	https://www.dmc.gov.lk/images/dmcreports/Water_level_&_Rainfall_2026__1768050556.pdf	18:30	1768050000.0
lk_dmc_river_water_level_and_flood_warnings	2026-01-10-15-00-water-level-report	15-00-water-level-report	2026-01-10	Water Level Report	https://www.dmc.gov.lk/index.php?option=com_dmcreports&view=reports&Itemid=277&report_type_id=6&lang=en&limitstart=0	en	https://www.dmc.gov.lk/images/dmcreports/Water_level_&_Rainfall_2026__1768038902.pdf	15:00	1768037400.0
lk_dmc_river_water_level_and_flood_warnings	2026-01-10-12-30-water-level-report	12-30-water-level-report	2026-01-10	Water Level Report	https://www.dmc.gov.lk/index.php?option=com_dmcreports&view=reports&Itemid=277&report_type_id=6&lang=en&limitstart=0	en	https://www.dmc.gov.lk/images/dmcreports/Water_level_&_Rainfall_2026__1768028848.pdf	12:30	1768028400.0
lk_dmc_river_water_level_and_flood_warnings	2026-01-10-09-30-water-level--rainfall	09-30-water-level--rainfall	2026-01-10	Water level & Rainfall	https://www.dmc.gov.lk/index.php?option=com_dmcreports&view=reports&Itemid=277&report_type_id=6&lang=en&limitstart=0	en	https://www.dmc.gov.lk/images/dmcreports/Water_level_&_Rainfall_2026__1768017954.pdf	09:30	1768017600.0
lk_dmc_river_water_level_and_flood_warnings	2026-01-09-21-30-water-level	21-30-water-level	2026-01-09	water level	https://www.dmc.gov.lk/index.php?option=com_dmcreports&view=reports&Itemid=277&report_type_id=6&lang=en&limitstart=0	en	https://www.dmc.gov.lk/images/dmcreports/Water_level_&_Rainfall_2026__1767978177.pdf	21:30	1767974400.0
lk_dmc_river_water_level_and_flood_warnings	2026-01-09-05-30-water-level	05-30-water-level	2026-01-09	water level	https://www.dmc.gov.lk/index.php?option=com_dmcreports&view=reports&Itemid=277&report_type_id=6&lang=en&limitstart=0	en	https://www.dmc.gov.lk/images/dmcreports/Water_level_&_Rainfall_2026__1767917598.pdf	05:30	1767916800.0
lk_dmc_river_water_level_and_flood_warnings	2026-01-09-00-30-water-level	00-30-water-level	2026-01-09	water level	https://www.dmc.gov.lk/index.php?option=com_dmcreports&view=reports&Itemid=277&report_type_id=6&lang=en&limitstart=0	en	https://www.dmc.gov.lk/images/dmcreports/Water_level_&_Rainfall_2026__1767899478.pdf	00:30	1767898800.0
lk_dmc_river_water_level_and_flood_warnings	2026-01-08-21-30-water-level	21-30-water-level	2026-01-08	water level	https://www.dmc.gov.lk/index.php?option=com_dmcreports&view=reports&Itemid=277&report_type_id=6&lang=en&limitstart=0	en	https://www.dmc.gov.lk/images/dmcreports/Water_level_&_Rainfall_2026__1767887699.pdf	21:30	1767888000.0
lk_dmc_river_water_level_and_flood_warnings	2026-01-08-18-00-water-level	18-00-water-level	2026-01-08	water level	https://www.dmc.gov.lk/index.php?option=com_dmcreports&view=reports&Itemid=277&report_type_id=6&lang=en&limitstart=0	en	https://www.dmc.gov.lk/images/dmcreports/Water_level_&_Rainfall_2026__1767877866.pdf	18:00	1767875400.0
lk_dmc_river_water_level_and_flood_warnings	2026-01-07-23-00-flood-warnning	23-00-flood-warnning	2026-01-07	Flood Warnning	https://www.dmc.gov.lk/index.php?option=com_dmcreports&view=reports&Itemid=277&report_type_id=6&lang=en&limitstart=0	en	https://www.dmc.gov.lk/images/dmcreports/Common_Warning_Message_2026__1767873794.pdf	23:00	1767807000.0
lk_dmc_river_water_level_and_flood_warnings	2026-01-06-09-30-water-level	09-30-water-level	2026-01-06	Water level	https://www.dmc.gov.lk/index.php?option=com_dmcreports&view=reports&Itemid=277&report_type_id=6&lang=en&limitstart=0	en	https://www.dmc.gov.lk/images/dmcreports/Water_level_&_Rainfall_2026__1767684250.pdf	09:30	1767672000.0
lk_dmc_river_water_level_and_flood_warnings	2026-01-05-09-30-water-level	09-30-water-level	2026-01-05	water level	https://www.dmc.gov.lk/index.php?option=com_dmcreports&view=reports&Itemid=277&report_type_id=6&lang=en&limitstart=0	en	https://www.dmc.gov.lk/images/dmcreports/Water_Level_report_at_0930hrs_on_2026__1767587433.pdf	09:30	1767585600.0
lk_dmc_river_water_level_and_flood_warnings	2026-01-04-09-30-water-level	09-30-water-level	2026-01-04	water level	https://www.dmc.gov.lk/index.php?option=com_dmcreports&view=reports&Itemid=277&report_type_id=6&lang=en&limitstart=0	en	https://www.dmc.gov.lk/images/dmcreports/Water_level_report_at_0930hrs_on_2026__1767503033.pdf	09:30	1767499200.0
lk_dmc_river_water_level_and_flood_warnings	2026-01-03-09-30-water-level	09-30-water-level	2026-01-03	water level	https://www.dmc.gov.lk/index.php?option=com_dmcreports&view=reports&Itemid=277&report_type_id=6&lang=en&limitstart=0	en	https://www.dmc.gov.lk/images/dmcreports/Water_level_&_Rainfall_2026__1767414676.pdf	09:30	1767412800.0
lk_dmc_river_water_level_and_flood_warnings	2026-01-01-09-30-water-level-report	09-30-water-level-report	2026-01-01	Water Level Report	https://www.dmc.gov.lk/index.php?option=com_dmcreports&view=reports&Itemid=277&report_type_id=6&lang=en&limitstart=0	en	https://www.dmc.gov.lk/images/dmcreports/Water_Level_and_Rainfall_at_0930_hrs_on_01__1767243138.pdf	09:30	1767240000.0
lk_dmc_river_water_level_and_flood_warnings	2025-12-29-09-30-water-level-report	09-30-water-level-report	2025-12-29	Water Level Report	https://www.dmc.gov.lk/index.php?option=com_dmcreports&view=reports&Itemid=277&report_type_id=6&lang=en&limitstart=0	en	https://www.dmc.gov.lk/images/dmcreports/Water_level_&_Rainfall_2025__1766982455.pdf	09:30	1766980800.0
lk_dmc_river_water_level_and_flood_warnings	2025-12-26-09-30-water-level	09-30-water-level	2025-12-26	Water level	https://www.dmc.gov.lk/index.php?option=com_dmcreports&view=reports&Itemid=277&report_type_id=6&lang=en&limitstart=0	en	https://www.dmc.gov.lk/images/dmcreports/__1766734429.pdf	09:30	1766721600.0
lk_dmc_river_water_level_and_flood_warnings	2025-12-25-09-30-water-level-report	09-30-water-level-report	2025-12-25	Water Level Report	https://www.dmc.gov.lk/index.php?option=com_dmcreports&view=reports&Itemid=277&report_type_id=6&lang=en&limitstart=0	en	https://www.dmc.gov.lk/images/dmcreports/Water_Level_Report_at_0930hrs_on_2025__1766638298.pdf	09:30	1766635200.0
lk_dmc_river_water_level_and_flood_warnings	2025-12-24-09-30-water-level-report	09-30-water-level-report	2025-12-24	Water Level Report	https://www.dmc.gov.lk/index.php?option=com_dmcreports&view=reports&Itemid=277&report_type_id=6&lang=en&limitstart=0	en	https://www.dmc.gov.lk/images/dmcreports/Water_Level_Report_at_0930hrs_on_2025__1766550885.pdf	09:30	1766548800.0
lk_dmc_river_water_level_and_flood_warnings	2025-12-23-09-30-water-level	09-30-water-level	2025-12-23	water level	https://www.dmc.gov.lk/index.php?option=com_dmcreports&view=reports&Itemid=277&report_type_id=6&lang=en&limitstart=0	en	https://www.dmc.gov.lk/images/dmcreports/Water_Level_Report_at_0930hrs_on_2025__1766466037.pdf	09:30	1766462400.0
lk_dmc_river_water_level_and_flood_warnings	2025-12-22-16-00-flood-warning-wit-7a54c0d9	16-00-flood-warning-withdrawal--mahaweli-river	2025-12-22	Flood warning Withdrawal - Mahaweli River	https://www.dmc.gov.lk/index.php?option=com_dmcreports&view=reports&Itemid=277&report_type_id=6&lang=en&limitstart=0	en	https://www.dmc.gov.lk/images/dmcreports/Flood_Warning_Withdrawal_for_Mahaweli_River_at_1500hrs_on_2025__1766403521.pdf	16:00	1766399400.0
lk_dmc_river_water_level_and_flood_warnings	2025-12-22-09-30-water-level	09-30-water-level	2025-12-22	water level	https://www.dmc.gov.lk/index.php?option=com_dmcreports&view=reports&Itemid=277&report_type_id=6&lang=en&limitstart=0	en	https://www.dmc.gov.lk/images/dmcreports/Water_Level_at_0930hrs_on_2025__1766377525.pdf	09:30	1766376000.0
lk_dmc_river_water_level_and_flood_warnings	2025-12-21-15-00-water-level	15-00-water-level	2025-12-21	Water Level	https://www.dmc.gov.lk/index.php?option=com_dmcreports&view=reports&Itemid=277&report_type_id=6&lang=en&limitstart=0	en	https://www.dmc.gov.lk/images/dmcreports/Water_level_&_Rainfall_2025__1766311388.pdf	15:00	1766309400.0
lk_dmc_river_water_level_and_flood_warnings	2025-12-21-09-30-water-level-report	09-30-water-level-report	2025-12-21	Water Level Report	https://www.dmc.gov.lk/index.php?option=com_dmcreports&view=reports&Itemid=277&report_type_id=6&lang=en&limitstart=0	en	https://www.dmc.gov.lk/images/dmcreports/Water_level_&_Rainfall_2025__1766291157.pdf	09:30	1766289600.0
lk_dmc_river_water_level_and_flood_warnings	2025-12-20-15-30-water-level	15-30-water-level	2025-12-20	water level	https://www.dmc.gov.lk/index.php?option=com_dmcreports&view=reports&Itemid=277&report_type_id=6&lang=en&limitstart=0	en	https://www.dmc.gov.lk/images/dmcreports/Water_level_&_Rainfall_2025__1766224988.pdf	15:30	1766224800.0
lk_dmc_river_water_level_and_flood_warnings	2025-12-20-09-30-water-level	09-30-water-level	2025-12-20	water level	https://www.dmc.gov.lk/index.php?option=com_dmcreports&view=reports&Itemid=277&report_type_id=6&lang=en&limitstart=0	en	https://www.dmc.gov.lk/images/dmcreports/Water_Level_at_0930hrs_on_2025__1766205716.pdf	09:30	1766203200.0
lk_dmc_river_water_level_and_flood_warnings	2025-12-19-18-30-water-level	18-30-water-level	2025-12-19	water Level	https://www.dmc.gov.lk/index.php?option=com_dmcreports&view=reports&Itemid=277&report_type_id=6&lang=en&limitstart=0	en	https://www.dmc.gov.lk/images/dmcreports/Water_level_&_Rainfall_2025__1766154786.pdf	18:30	1766149200.0
lk_dmc_river_water_level_and_flood_warnings	2025-12-19-17-30-flood-warning	17-30-flood-warning	2025-12-19	Flood Warning	https://www.dmc.gov.lk/index.php?option=com_dmcreports&view=reports&Itemid=277&report_type_id=6&lang=en&limitstart=0	en	https://www.dmc.gov.lk/images/dmcreports/Flood_warning_for_Mahaweli_River_Basin_-_No_02_-_(Extended_Warning)_2025__1766148672.pdf	17:30	1766145600.0
lk_dmc_river_water_level_and_flood_warnings	2025-12-19-15-30-water-level	15-30-water-level	2025-12-19	Water Level	https://www.dmc.gov.lk/index.php?option=com_dmcreports&view=reports&Itemid=277&report_type_id=6&lang=en&limitstart=0	en	https://www.dmc.gov.lk/images/dmcreports/Water_level_report_at_1530hrs_on_2025__1766139164.pdf	15:30	1766138400.0
lk_dmc_river_water_level_and_flood_warnings	2025-12-19-12-30-water-level	12-30-water-level	2025-12-19	Water Level	https://www.dmc.gov.lk/index.php?option=com_dmcreports&view=reports&Itemid=277&report_type_id=6&lang=en&limitstart=0	en	https://www.dmc.gov.lk/images/dmcreports/Water_level_&_Rainfall_2025__1766127636.pdf	12:30	1766127600.0
lk_dmc_river_water_level_and_flood_warnings	2025-12-19-09-30-water-level	09-30-water-level	2025-12-19	Water Level	https://www.dmc.gov.lk/index.php?option=com_dmcreports&view=reports&Itemid=277&report_type_id=6&lang=en&limitstart=0	en	https://www.dmc.gov.lk/images/dmcreports/Water_level_&_Rainfall_2025__1766119616.pdf	09:30	1766116800.0
lk_dmc_river_water_level_and_flood_warnings	2025-12-19-03-00-water-level	03-00-water-level	2025-12-19	water level	https://www.dmc.gov.lk/index.php?option=com_dmcreports&view=reports&Itemid=277&report_type_id=6&lang=en&limitstart=0	en	https://www.dmc.gov.lk/images/dmcreports/merged(16)__1766096463.pdf	03:00	1766093400.0
lk_dmc_river_water_level_and_flood_warnings	2025-12-19-00-30-water-level	00-30-water-level	2025-12-19	water level	https://www.dmc.gov.lk/index.php?option=com_dmcreports&view=reports&Itemid=277&report_type_id=6&lang=en&limitstart=0	en	https://www.dmc.gov.lk/images/dmcreports/Water_level_&_Rainfall_2025__1766088555.pdf	00:30	1766084400.0
lk_dmc_river_water_level_and_flood_warnings	2025-12-18-21-30-water-level	21-30-water-level	2025-12-18	water level	https://www.dmc.gov.lk/index.php?option=com_dmcreports&view=reports&Itemid=277&report_type_id=6&lang=en&limitstart=0	en	https://www.dmc.gov.lk/images/dmcreports/Water_level_&_Rainfall_2025__1766075159.pdf	21:30	1766073600.0
lk_dmc_river_water_level_and_flood_warnings	2025-12-18-18-30-water-level	18-30-water-level	2025-12-18	Water Level	https://www.dmc.gov.lk/index.php?option=com_dmcreports&view=reports&Itemid=277&report_type_id=6&lang=en&limitstart=0	en	https://www.dmc.gov.lk/images/dmcreports/Water_level_&_Rainfall_2025__1766063642.pdf	18:30	1766062800.0
lk_dmc_river_water_level_and_flood_warnings	2025-12-18-18-00-flood-warning-for-1b03bb2d	18-00-flood-warning-for-mahaweli-river--no-01--20251218	2025-12-18	Flood Warning for Mahaweli River - No 01 - 2025.12.18	https://www.dmc.gov.lk/index.php?option=com_dmcreports&view=reports&Itemid=277&report_type_id=6&lang=en&limitstart=0	en	https://www.dmc.gov.lk/images/dmcreports/Mahaweli_Flood_Warning_-_NO_01_(2025__1766064327.pdf	18:00	1766061000.0
lk_dmc_river_water_level_and_flood_warnings	2025-12-18-15-30-water-level-report	15-30-water-level-report	2025-12-18	Water Level Report	https://www.dmc.gov.lk/index.php?option=com_dmcreports&view=reports&Itemid=277&report_type_id=6&lang=en&limitstart=0	en	https://www.dmc.gov.lk/images/dmcreports/Water_level_&_Rainfall_2025__1766052493.pdf	15:30	1766052000.0
lk_dmc_river_water_level_and_flood_warnings	2025-12-18-09-30-river-water-level	09-30-river-water-level	2025-12-18	River Water level	https://www.dmc.gov.lk/index.php?option=com_dmcreports&view=reports&Itemid=277&report_type_id=6&lang=en&limitstart=0	en	https://www.dmc.gov.lk/images/dmcreports/Water_level_&_Rainfall_2025__1766032127.pdf	09:30	1766030400.0
lk_dmc_river_water_level_and_flood_warnings	2025-12-17-15-30-water-level-report	15-30-water-level-report	2025-12-17	Water Level Report	https://www.dmc.gov.lk/index.php?option=com_dmcreports&view=reports&Itemid=277&report_type_id=6&lang=en&limitstart=0	en	https://www.dmc.gov.lk/images/dmcreports/Water_level_&_Rainfall_2025__1765969861.pdf	15:30	1765965600.0
lk_dmc_river_water_level_and_flood_warnings	2025-12-17-09-30-water-level	09-30-water-level	2025-12-17	Water level	https://www.dmc.gov.lk/index.php?option=com_dmcreports&view=reports&Itemid=277&report_type_id=6&lang=en&limitstart=0	en	https://www.dmc.gov.lk/images/dmcreports/Water_level_&_Rainfall_2025__1765946294.pdf	09:30	1765944000.0
lk_dmc_river_water_level_and_flood_warnings	2025-12-16-09-30-water-level	09-30-water-level	2025-12-16	water level	https://www.dmc.gov.lk/index.php?option=com_dmcreports&view=reports&Itemid=277&report_type_id=6&lang=en&limitstart=0	en	https://www.dmc.gov.lk/images/dmcreports/Water_level_&_Rainfall_2025__1765865836.pdf	09:30	1765857600.0
lk_dmc_river_water_level_and_flood_warnings	2025-12-15-15-00-water-level	15-00-water-level	2025-12-15	Water level	https://www.dmc.gov.lk/index.php?option=com_dmcreports&view=reports&Itemid=277&report_type_id=6&lang=en&limitstart=0	en	https://www.dmc.gov.lk/images/dmcreports/Water_level_&_Rainfall_2025__1765794129.pdf	15:00	1765791000.0
lk_dmc_river_water_level_and_flood_warnings	2025-12-15-09-30-water-level	09-30-water-level	2025-12-15	water level	https://www.dmc.gov.lk/index.php?option=com_dmcreports&view=reports&Itemid=277&report_type_id=6&lang=en&limitstart=0	en	https://www.dmc.gov.lk/images/dmcreports/Water_level_&_Rainfall_2025__1765773368.pdf	09:30	1765771200.0
lk_dmc_river_water_level_and_flood_warnings	2025-12-14-15-30-water-level	15-30-water-level	2025-12-14	water level	https://www.dmc.gov.lk/index.php?option=com_dmcreports&view=reports&Itemid=277&report_type_id=6&lang=en&limitstart=0	en	https://www.dmc.gov.lk/images/dmcreports/Water_level_&_Rainfall_2025__1765707610.pdf	15:30	1765706400.0
lk_dmc_river_water_level_and_flood_warnings	2025-12-14-09-30-water-level-report	09-30-water-level-report	2025-12-14	Water Level Report	https://www.dmc.gov.lk/index.php?option=com_dmcreports&view=reports&Itemid=277&report_type_id=6&lang=en&limitstart=0	en	https://www.dmc.gov.lk/images/dmcreports/Water_level_&_Rainfall_2025__1765685915.pdf	09:30	1765684800.0
lk_dmc_river_water_level_and_flood_warnings	2025-12-13-15-30-water-level	15-30-water-level	2025-12-13	water level	https://www.dmc.gov.lk/index.php?option=com_dmcreports&view=reports&Itemid=277&report_type_id=6&lang=en&limitstart=0	en	https://www.dmc.gov.lk/images/dmcreports/Water_level_&_Rainfall_2025__1765622580.pdf	15:30	1765620000.0
lk_dmc_river_water_level_and_flood_warnings	2025-12-13-09-30-water-level	09-30-water-level	2025-12-13	Water Level	https://www.dmc.gov.lk/index.php?option=com_dmcreports&view=reports&Itemid=277&report_type_id=6&lang=en&limitstart=0	en	https://www.dmc.gov.lk/images/dmcreports/Water_level_&_Rainfall_2025__1765599471.pdf	09:30	1765598400.0
lk_dmc_river_water_level_and_flood_warnings	2025-12-12-15-30-water-level	15-30-water-level	2025-12-12	water level	https://www.dmc.gov.lk/index.php?option=com_dmcreports&view=reports&Itemid=277&report_type_id=6&lang=en&limitstart=0	en	https://www.dmc.gov.lk/images/dmcreports/Water_level_&_Rainfall_2025__1765534875.pdf	15:30	1765533600.0
lk_dmc_river_water_level_and_flood_warnings	2025-12-12-09-30-water-level	09-30-water-level	2025-12-12	water level	https://www.dmc.gov.lk/index.php?option=com_dmcreports&view=reports&Itemid=277&report_type_id=6&lang=en&limitstart=0	en	https://www.dmc.gov.lk/images/dmcreports/Water_level_&_Rainfall_2025__1765513372.pdf	09:30	1765512000.0
lk_dmc_river_water_level_and_flood_warnings	2025-12-12-06-30-water-level	06-30-water-level	2025-12-12	water level	https://www.dmc.gov.lk/index.php?option=com_dmcreports&view=reports&Itemid=277&report_type_id=6&lang=en&limitstart=0	en	https://www.dmc.gov.lk/images/dmcreports/Water_level_&_Rainfall_2025__1765507718.pdf	06:30	1765501200.0
lk_dmc_river_water_level_and_flood_warnings	2025-12-11-15-00-water-level	15-00-water-level	2025-12-11	water level	https://www.dmc.gov.lk/index.php?option=com_dmcreports&view=reports&Itemid=277&report_type_id=6&lang=en&limitstart=0	en	https://www.dmc.gov.lk/images/dmcreports/Water_level_&_Rainfall_2025__1765448284.pdf	15:00	1765445400.0
lk_dmc_river_water_level_and_flood_warnings	2025-12-11-12-30-water-level	12-30-water-level	2025-12-11	Water Level	https://www.dmc.gov.lk/index.php?option=com_dmcreports&view=reports&Itemid=277&report_type_id=6&lang=en&limitstart=0	en	https://www.dmc.gov.lk/images/dmcreports/Water_level_&_Rainfall_2025__1765436339.pdf	12:30	1765436400.0
lk_dmc_river_water_level_and_flood_warnings	2025-12-11-09-30-water-level	09-30-water-level	2025-12-11	water level	https://www.dmc.gov.lk/index.php?option=com_dmcreports&view=reports&Itemid=277&report_type_id=6&lang=en&limitstart=0	en	https://www.dmc.gov.lk/images/dmcreports/Water_level_&_Rainfall_2025__1765426115.pdf	09:30	1765425600.0
lk_dmc_river_water_level_and_flood_warnings	2025-12-11-06-30-water-level	06-30-water-level	2025-12-11	water level	https://www.dmc.gov.lk/index.php?option=com_dmcreports&view=reports&Itemid=277&report_type_id=6&lang=en&limitstart=0	en	https://www.dmc.gov.lk/images/dmcreports/Water_level_&_Rainfall_2025__1765414847.pdf	06:30	1765414800.0
lk_dmc_river_water_level_and_flood_warnings	2025-12-10-15-00-water-level-report	15-00-water-level-report	2025-12-10	Water Level Report	https://www.dmc.gov.lk/index.php?option=com_dmcreports&view=reports&Itemid=277&report_type_id=6&lang=en&limitstart=0	en	https://www.dmc.gov.lk/images/dmcreports/Water_level_&_Rainfall_2025__1765360582.pdf	15:00	1765359000.0
lk_dmc_river_water_level_and_flood_warnings	2025-12-10-09-30-water-level-report	09-30-water-level-report	2025-12-10	Water Level Report	https://www.dmc.gov.lk/index.php?option=com_dmcreports&view=reports&Itemid=277&report_type_id=6&lang=en&limitstart=0	en	https://www.dmc.gov.lk/images/dmcreports/Water_level_&_Rainfall_2025__1765341036.pdf	09:30	1765339200.0
lk_dmc_river_water_level_and_flood_warnings	2025-12-10-06-30-water-level	06-30-water-level	2025-12-10	water level	https://www.dmc.gov.lk/index.php?option=com_dmcreports&view=reports&Itemid=277&report_type_id=6&lang=en&limitstart=0	en	https://www.dmc.gov.lk/images/dmcreports/Water_level_&_Rainfall_2025__1765328194.pdf	06:30	1765328400.0
lk_dmc_river_water_level_and_flood_warnings	2025-12-10-00-30-water-level	00-30-water-level	2025-12-10	water level	https://www.dmc.gov.lk/index.php?option=com_dmcreports&view=reports&Itemid=277&report_type_id=6&lang=en&limitstart=0	en	https://www.dmc.gov.lk/images/dmcreports/Water_level_&_Rainfall_2025__1765308230.pdf	00:30	1765306800.0
lk_dmc_river_water_level_and_flood_warnings	2025-12-09-21-30-water-level	21-30-water-level	2025-12-09	water level	https://www.dmc.gov.lk/index.php?option=com_dmcreports&view=reports&Itemid=277&report_type_id=6&lang=en&limitstart=0	en	https://www.dmc.gov.lk/images/dmcreports/Water_level_&_Rainfall_2025__1765297049.pdf	21:30	1765296000.0
lk_dmc_river_water_level_and_flood_warnings	2025-12-09-15-30-water-level	15-30-water-level	2025-12-09	water level	https://www.dmc.gov.lk/index.php?option=com_dmcreports&view=reports&Itemid=277&report_type_id=6&lang=en&limitstart=0	en	https://www.dmc.gov.lk/images/dmcreports/Water_level_&_Rainfall_2025__1765279062.pdf	15:30	1765274400.0
lk_dmc_river_water_level_and_flood_warnings	2025-12-09-09-30-water-level	09-30-water-level	2025-12-09	Water Level	https://www.dmc.gov.lk/index.php?option=com_dmcreports&view=reports&Itemid=277&report_type_id=6&lang=en&limitstart=0	en	https://www.dmc.gov.lk/images/dmcreports/Water_level_&_Rainfall_2025__1765253502.pdf	09:30	1765252800.0
lk_dmc_river_water_level_and_flood_warnings	2025-12-09-06-30-water-level	06-30-water-level	2025-12-09	water level	https://www.dmc.gov.lk/index.php?option=com_dmcreports&view=reports&Itemid=277&report_type_id=6&lang=en&limitstart=0	en	https://www.dmc.gov.lk/images/dmcreports/Water_level_&_Rainfall_2025__1765242676.pdf	06:30	1765242000.0
lk_dmc_river_water_level_and_flood_warnings	2025-12-09-03-30-water-level	03-30-water-level	2025-12-09	water level	https://www.dmc.gov.lk/index.php?option=com_dmcreports&view=reports&Itemid=277&report_type_id=6&lang=en&limitstart=0	en	https://www.dmc.gov.lk/images/dmcreports/Water_level_&_Rainfall_2025__1765237246.pdf	03:30	1765231200.0
lk_dmc_river_water_level_and_flood_warnings	2025-12-09-00-30-water-level	00-30-water-level	2025-12-09	water level	https://www.dmc.gov.lk/index.php?option=com_dmcreports&view=reports&Itemid=277&report_type_id=6&lang=en&limitstart=0	en	https://www.dmc.gov.lk/images/dmcreports/Water_level_&_Rainfall_2025__1765221202.pdf	00:30	1765220400.0
lk_dmc_river_water_level_and_flood_warnings	2025-12-08-18-30-water-level	18-30-water-level	2025-12-08	Water level	https://www.dmc.gov.lk/index.php?option=com_dmcreports&view=reports&Itemid=277&report_type_id=6&lang=en&limitstart=0	en	https://www.dmc.gov.lk/images/dmcreports/Water_Level_Report_at_1830hrs_on_2025__1765201178.pdf	18:30	1765198800.0
lk_dmc_river_water_level_and_flood_warnings	2025-12-08-15-30-water-level	15-30-water-level	2025-12-08	Water Level	https://www.dmc.gov.lk/index.php?option=com_dmcreports&view=reports&Itemid=277&report_type_id=6&lang=en&limitstart=0	en	https://www.dmc.gov.lk/images/dmcreports/Water_Level_Report_at_1530hrs_on_2025__1765190365.pdf	15:30	1765188000.0
lk_dmc_river_water_level_and_flood_warnings	2025-12-08-09-30-water-level	09-30-water-level	2025-12-08	Water Level	https://www.dmc.gov.lk/index.php?option=com_dmcreports&view=reports&Itemid=277&report_type_id=6&lang=en&limitstart=0	en	https://www.dmc.gov.lk/images/dmcreports/Water_level_&_Rainfall_2025__1765167282.pdf	09:30	1765166400.0
lk_dmc_river_water_level_and_flood_warnings	2025-12-08-06-30-water-level	06-30-water-level	2025-12-08	water level	https://www.dmc.gov.lk/index.php?option=com_dmcreports&view=reports&Itemid=277&report_type_id=6&lang=en&limitstart=0	en	https://www.dmc.gov.lk/images/dmcreports/Water_Level_Report__merged(12)__1765159036.pdf	06:30	1765155600.0
